project_slug,project_name,sale_period,sale_month_year,sale_year_month,sale_year,sale_month,street_name,district,market_segment,tenure,lease_start,floor_range,floor_low,floor_high,floor_area_sqft,psf_sgd,sale_price_sgd,source_site,source_file
seahill,SEAHILL,February 2026,Feb2026,2026-02,2026,2,WEST COAST CRESCENT,05,OCR,99 yrs lease,2011,06-10,06,10,548,1539,845000,propertyforsale.com.sg,15f61f1e-2cb7-40a4-b625-c728c954cbae.txt
seahill,SEAHILL,February 2026,Feb2026,2026-02,2026,2,WEST COAST CRESCENT,05,OCR,99 yrs lease,2011,21-25,21,25,861,1741,1500000,propertyforsale.com.sg,15f61f1e-2cb7-40a4-b625-c728c954cbae.txt
seahill,SEAHILL,December 2025,Dec2025,2025-12,2025,12,WEST COAST CRESCENT,05,OCR,99 yrs lease,2011,06-10,06,10,495,1656,820000,propertyforsale.com.sg,15f61f1e-2cb7-40a4-b625-c728c954cbae.txt
seahill,SEAHILL,December 2025,Dec2025,2025-12,2025,12,WEST COAST CRESCENT,05,OCR,99 yrs lease,2011,26-30,26,30,667,1543,1030000,propertyforsale.com.sg,15f61f1e-2cb7-40a4-b625-c728c954cbae.txt
seahill,SEAHILL,November 2025,Nov2025,2025-11,2025,11,WEST COAST CRESCENT,05,OCR,99 yrs lease,2011,16-20,16,20,688,1625,1120000,propertyforsale.com.sg,15f61f1e-2cb7-40a4-b625-c728c954cbae.txt
seahill,SEAHILL,October 2025,Oct2025,2025-10,2025,10,WEST COAST CRESCENT,05,OCR,99 yrs lease,2011,06-10,06,10,936,1655,1550000,propertyforsale.com.sg,15f61f1e-2cb7-40a4-b625-c728c954cbae.txt
seahill,SEAHILL,September 2025,Sep2025,2025-09,2025,9,WEST COAST CRESCENT,05,OCR,99 yrs lease,2011,06-10,06,10,548,1499,823000,propertyforsale.com.sg,15f61f1e-2cb7-40a4-b625-c728c954cbae.txt
seahill,SEAHILL,August 2025,Aug2025,2025-08,2025,8,WEST COAST CRESCENT,05,OCR,99 yrs lease,2011,11-15,11,15,505,1601,810000,propertyforsale.com.sg,15f61f1e-2cb7-40a4-b625-c728c954cbae.txt
seahill,SEAHILL,August 2025,Aug2025,2025-08,2025,8,WEST COAST CRESCENT,05,OCR,99 yrs lease,2011,11-15,11,15,861,1695,1460000,propertyforsale.com.sg,15f61f1e-2cb7-40a4-b625-c728c954cbae.txt
seahill,SEAHILL,August 2025,Aug2025,2025-08,2025,8,WEST COAST CRESCENT,05,OCR,99 yrs lease,2011,16-20,16,20,861,1588,1368000,propertyforsale.com.sg,15f61f1e-2cb7-40a4-b625-c728c954cbae.txt
seahill,SEAHILL,June 2025,Jun2025,2025-06,2025,6,WEST COAST CRESCENT,05,OCR,99 yrs lease,2011,16-20,16,20,861,1707,1470000,propertyforsale.com.sg,15f61f1e-2cb7-40a4-b625-c728c954cbae.txt
seahill,SEAHILL,May 2025,May2025,2025-05,2025,5,WEST COAST CRESCENT,05,OCR,99 yrs lease,2011,06-10,06,10,624,1517,947500,propertyforsale.com.sg,15f61f1e-2cb7-40a4-b625-c728c954cbae.txt
seahill,SEAHILL,May 2025,May2025,2025-05,2025,5,WEST COAST CRESCENT,05,OCR,99 yrs lease,2011,16-20,16,20,1130,1734,1960000,propertyforsale.com.sg,15f61f1e-2cb7-40a4-b625-c728c954cbae.txt
seahill,SEAHILL,April 2025,Apr2025,2025-04,2025,4,WEST COAST CRESCENT,05,OCR,99 yrs lease,2011,06-10,06,10,861,1660,1430000,propertyforsale.com.sg,15f61f1e-2cb7-40a4-b625-c728c954cbae.txt
seahill,SEAHILL,April 2025,Apr2025,2025-04,2025,4,WEST COAST CRESCENT,05,OCR,99 yrs lease,2011,11-15,11,15,861,1532,1320000,propertyforsale.com.sg,15f61f1e-2cb7-40a4-b625-c728c954cbae.txt
seahill,SEAHILL,April 2025,Apr2025,2025-04,2025,4,WEST COAST CRESCENT,05,OCR,99 yrs lease,2011,26-30,26,30,710,1689,1200000,propertyforsale.com.sg,15f61f1e-2cb7-40a4-b625-c728c954cbae.txt
seahill,SEAHILL,March 2025,Mar2025,2025-03,2025,3,WEST COAST CRESCENT,05,OCR,99 yrs lease,2011,06-10,06,10,495,1625,805000,propertyforsale.com.sg,15f61f1e-2cb7-40a4-b625-c728c954cbae.txt
seahill,SEAHILL,March 2025,Mar2025,2025-03,2025,3,WEST COAST CRESCENT,05,OCR,99 yrs lease,2011,16-20,16,20,516,1548,800000,propertyforsale.com.sg,15f61f1e-2cb7-40a4-b625-c728c954cbae.txt
seahill,SEAHILL,March 2025,Mar2025,2025-03,2025,3,WEST COAST CRESCENT,05,OCR,99 yrs lease,2011,06-10,06,10,495,1575,780000,propertyforsale.com.sg,15f61f1e-2cb7-40a4-b625-c728c954cbae.txt
seahill,SEAHILL,March 2025,Mar2025,2025-03,2025,3,WEST COAST CRESCENT,05,OCR,99 yrs lease,2011,11-15,11,15,1044,1723,1800000,propertyforsale.com.sg,15f61f1e-2cb7-40a4-b625-c728c954cbae.txt
seahill,SEAHILL,February 2025,Feb2025,2025-02,2025,2,WEST COAST CRESCENT,05,OCR,99 yrs lease,2011,06-10,06,10,785,1628,1280000,propertyforsale.com.sg,15f61f1e-2cb7-40a4-b625-c728c954cbae.txt
seahill,SEAHILL,February 2025,Feb2025,2025-02,2025,2,WEST COAST CRESCENT,05,OCR,99 yrs lease,2011,06-10,06,10,785,1508,1185000,propertyforsale.com.sg,15f61f1e-2cb7-40a4-b625-c728c954cbae.txt
seahill,SEAHILL,February 2025,Feb2025,2025-02,2025,2,WEST COAST CRESCENT,05,OCR,99 yrs lease,2011,06-10,06,10,785,1435,1128000,propertyforsale.com.sg,15f61f1e-2cb7-40a4-b625-c728c954cbae.txt
seahill,SEAHILL,January 2025,Jan2025,2025-01,2025,1,WEST COAST CRESCENT,05,OCR,99 yrs lease,2011,06-10,06,10,785,1555,1221888,propertyforsale.com.sg,15f61f1e-2cb7-40a4-b625-c728c954cbae.txt
seahill,SEAHILL,November 2024,Nov2024,2024-11,2024,11,WEST COAST CRESCENT,05,OCR,99 yrs lease,2011,11-15,11,15,861,1553,1338000,propertyforsale.com.sg,15f61f1e-2cb7-40a4-b625-c728c954cbae.txt
seahill,SEAHILL,October 2024,Oct2024,2024-10,2024,10,WEST COAST CRESCENT,05,OCR,99 yrs lease,2011,16-20,16,20,1130,1689,1910000,propertyforsale.com.sg,15f61f1e-2cb7-40a4-b625-c728c954cbae.txt
seahill,SEAHILL,October 2024,Oct2024,2024-10,2024,10,WEST COAST CRESCENT,05,OCR,99 yrs lease,2011,11-15,11,15,1044,1676,1750000,propertyforsale.com.sg,15f61f1e-2cb7-40a4-b625-c728c954cbae.txt
seahill,SEAHILL,October 2024,Oct2024,2024-10,2024,10,WEST COAST CRESCENT,05,OCR,99 yrs lease,2011,26-30,26,30,710,1660,1180000,propertyforsale.com.sg,15f61f1e-2cb7-40a4-b625-c728c954cbae.txt
seahill,SEAHILL,September 2024,Sep2024,2024-09,2024,9,WEST COAST CRESCENT,05,OCR,99 yrs lease,2011,16-20,16,20,667,1483,990000,propertyforsale.com.sg,15f61f1e-2cb7-40a4-b625-c728c954cbae.txt
seahill,SEAHILL,September 2024,Sep2024,2024-09,2024,9,WEST COAST CRESCENT,05,OCR,99 yrs lease,2011,11-15,11,15,861,1712,1475000,propertyforsale.com.sg,15f61f1e-2cb7-40a4-b625-c728c954cbae.txt
seahill,SEAHILL,September 2024,Sep2024,2024-09,2024,9,WEST COAST CRESCENT,05,OCR,99 yrs lease,2011,11-15,11,15,667,1543,1030000,propertyforsale.com.sg,15f61f1e-2cb7-40a4-b625-c728c954cbae.txt
seahill,SEAHILL,September 2024,Sep2024,2024-09,2024,9,WEST COAST CRESCENT,05,OCR,99 yrs lease,2011,16-20,16,20,688,1480,1020000,propertyforsale.com.sg,15f61f1e-2cb7-40a4-b625-c728c954cbae.txt
seahill,SEAHILL,August 2024,Aug2024,2024-08,2024,8,WEST COAST CRESCENT,05,OCR,99 yrs lease,2011,06-10,06,10,505,1640,830000,propertyforsale.com.sg,15f61f1e-2cb7-40a4-b625-c728c954cbae.txt
seahill,SEAHILL,August 2024,Aug2024,2024-08,2024,8,WEST COAST CRESCENT,05,OCR,99 yrs lease,2011,11-15,11,15,861,1550,1335000,propertyforsale.com.sg,15f61f1e-2cb7-40a4-b625-c728c954cbae.txt
seahill,SEAHILL,June 2024,Jun2024,2024-06,2024,6,WEST COAST CRESCENT,05,OCR,99 yrs lease,2011,16-20,16,20,710,1520,1080000,propertyforsale.com.sg,15f61f1e-2cb7-40a4-b625-c728c954cbae.txt
seahill,SEAHILL,May 2024,May2024,2024-05,2024,5,WEST COAST CRESCENT,05,OCR,99 yrs lease,2011,06-10,06,10,505,1616,818000,propertyforsale.com.sg,15f61f1e-2cb7-40a4-b625-c728c954cbae.txt
seahill,SEAHILL,May 2024,May2024,2024-05,2024,5,WEST COAST CRESCENT,05,OCR,99 yrs lease,2011,16-20,16,20,516,1548,800000,propertyforsale.com.sg,15f61f1e-2cb7-40a4-b625-c728c954cbae.txt
seahill,SEAHILL,May 2024,May2024,2024-05,2024,5,WEST COAST CRESCENT,05,OCR,99 yrs lease,2011,21-25,21,25,861,1625,1400000,propertyforsale.com.sg,15f61f1e-2cb7-40a4-b625-c728c954cbae.txt
seahill,SEAHILL,April 2024,Apr2024,2024-04,2024,4,WEST COAST CRESCENT,05,OCR,99 yrs lease,2011,01-05,01,05,505,1567,792888,propertyforsale.com.sg,15f61f1e-2cb7-40a4-b625-c728c954cbae.txt
seahill,SEAHILL,April 2024,Apr2024,2024-04,2024,4,WEST COAST CRESCENT,05,OCR,99 yrs lease,2011,06-10,06,10,936,1601,1500000,propertyforsale.com.sg,15f61f1e-2cb7-40a4-b625-c728c954cbae.txt
seahill,SEAHILL,March 2024,Mar2024,2024-03,2024,3,WEST COAST CRESCENT,05,OCR,99 yrs lease,2011,11-15,11,15,495,1627,806000,propertyforsale.com.sg,15f61f1e-2cb7-40a4-b625-c728c954cbae.txt
seahill,SEAHILL,February 2024,Feb2024,2024-02,2024,2,WEST COAST CRESCENT,05,OCR,99 yrs lease,2011,06-10,06,10,624,1569,980000,propertyforsale.com.sg,15f61f1e-2cb7-40a4-b625-c728c954cbae.txt
seahill,SEAHILL,February 2024,Feb2024,2024-02,2024,2,WEST COAST CRESCENT,05,OCR,99 yrs lease,2011,16-20,16,20,516,1499,775000,propertyforsale.com.sg,15f61f1e-2cb7-40a4-b625-c728c954cbae.txt
seahill,SEAHILL,February 2024,Feb2024,2024-02,2024,2,WEST COAST CRESCENT,05,OCR,99 yrs lease,2011,01-05,01,05,979,1419,1390000,propertyforsale.com.sg,15f61f1e-2cb7-40a4-b625-c728c954cbae.txt
seahill,SEAHILL,January 2024,Jan2024,2024-01,2024,1,WEST COAST CRESCENT,05,OCR,99 yrs lease,2011,11-15,11,15,505,1660,840000,propertyforsale.com.sg,15f61f1e-2cb7-40a4-b625-c728c954cbae.txt
seahill,SEAHILL,January 2024,Jan2024,2024-01,2024,1,WEST COAST CRESCENT,05,OCR,99 yrs lease,2011,06-10,06,10,548,1511,830000,propertyforsale.com.sg,15f61f1e-2cb7-40a4-b625-c728c954cbae.txt
seahill,SEAHILL,January 2024,Jan2024,2024-01,2024,1,WEST COAST CRESCENT,05,OCR,99 yrs lease,2011,16-20,16,20,527,1469,775000,propertyforsale.com.sg,15f61f1e-2cb7-40a4-b625-c728c954cbae.txt
seahill,SEAHILL,January 2024,Jan2024,2024-01,2024,1,WEST COAST CRESCENT,05,OCR,99 yrs lease,2011,06-10,06,10,624,1601,1000000,propertyforsale.com.sg,15f61f1e-2cb7-40a4-b625-c728c954cbae.txt
seahill,SEAHILL,December 2023,Dec2023,2023-12,2023,12,WEST COAST CRESCENT,05,OCR,99 yrs lease,2011,11-15,11,15,1044,1704,1780000,propertyforsale.com.sg,15f61f1e-2cb7-40a4-b625-c728c954cbae.txt
seahill,SEAHILL,December 2023,Dec2023,2023-12,2023,12,WEST COAST CRESCENT,05,OCR,99 yrs lease,2011,06-10,06,10,861,1649,1420000,propertyforsale.com.sg,15f61f1e-2cb7-40a4-b625-c728c954cbae.txt
seahill,SEAHILL,November 2023,Nov2023,2023-11,2023,11,WEST COAST CRESCENT,05,OCR,99 yrs lease,2011,16-20,16,20,1130,1619,1830000,propertyforsale.com.sg,15f61f1e-2cb7-40a4-b625-c728c954cbae.txt
seahill,SEAHILL,November 2023,Nov2023,2023-11,2023,11,WEST COAST CRESCENT,05,OCR,99 yrs lease,2011,21-25,21,25,710,1646,1170000,propertyforsale.com.sg,15f61f1e-2cb7-40a4-b625-c728c954cbae.txt
seahill,SEAHILL,September 2023,Sep2023,2023-09,2023,9,WEST COAST CRESCENT,05,OCR,99 yrs lease,2011,11-15,11,15,645,1525,985000,propertyforsale.com.sg,15f61f1e-2cb7-40a4-b625-c728c954cbae.txt
seahill,SEAHILL,September 2023,Sep2023,2023-09,2023,9,WEST COAST CRESCENT,05,OCR,99 yrs lease,2011,11-15,11,15,1044,1628,1700000,propertyforsale.com.sg,15f61f1e-2cb7-40a4-b625-c728c954cbae.txt
seahill,SEAHILL,September 2023,Sep2023,2023-09,2023,9,WEST COAST CRESCENT,05,OCR,99 yrs lease,2011,16-20,16,20,710,1456,1035000,propertyforsale.com.sg,15f61f1e-2cb7-40a4-b625-c728c954cbae.txt
seahill,SEAHILL,August 2023,Aug2023,2023-08,2023,8,WEST COAST CRESCENT,05,OCR,99 yrs lease,2011,11-15,11,15,1044,1609,1680000,propertyforsale.com.sg,15f61f1e-2cb7-40a4-b625-c728c954cbae.txt
seahill,SEAHILL,August 2023,Aug2023,2023-08,2023,8,WEST COAST CRESCENT,05,OCR,99 yrs lease,2011,16-20,16,20,688,1596,1100000,propertyforsale.com.sg,15f61f1e-2cb7-40a4-b625-c728c954cbae.txt
seahill,SEAHILL,May 2023,May2023,2023-05,2023,5,WEST COAST CRESCENT,05,OCR,99 yrs lease,2011,06-10,06,10,548,1493,820000,propertyforsale.com.sg,15f61f1e-2cb7-40a4-b625-c728c954cbae.txt
seahill,SEAHILL,May 2023,May2023,2023-05,2023,5,WEST COAST CRESCENT,05,OCR,99 yrs lease,2011,01-05,01,05,505,1482,750000,propertyforsale.com.sg,15f61f1e-2cb7-40a4-b625-c728c954cbae.txt
seahill,SEAHILL,April 2023,Apr2023,2023-04,2023,4,WEST COAST CRESCENT,05,OCR,99 yrs lease,2011,11-15,11,15,861,1649,1420000,propertyforsale.com.sg,15f61f1e-2cb7-40a4-b625-c728c954cbae.txt
seahill,SEAHILL,March 2023,Mar2023,2023-03,2023,3,WEST COAST CRESCENT,05,OCR,99 yrs lease,2011,21-25,21,25,667,1468,980000,propertyforsale.com.sg,15f61f1e-2cb7-40a4-b625-c728c954cbae.txt
seahill,SEAHILL,March 2023,Mar2023,2023-03,2023,3,WEST COAST CRESCENT,05,OCR,99 yrs lease,2011,21-25,21,25,667,1460,975000,propertyforsale.com.sg,15f61f1e-2cb7-40a4-b625-c728c954cbae.txt
seahill,SEAHILL,March 2023,Mar2023,2023-03,2023,3,WEST COAST CRESCENT,05,OCR,99 yrs lease,2011,16-20,16,20,527,1516,800000,propertyforsale.com.sg,15f61f1e-2cb7-40a4-b625-c728c954cbae.txt
seahill,SEAHILL,February 2023,Feb2023,2023-02,2023,2,WEST COAST CRESCENT,05,OCR,99 yrs lease,2011,11-15,11,15,667,1390,928000,propertyforsale.com.sg,15f61f1e-2cb7-40a4-b625-c728c954cbae.txt
seahill,SEAHILL,February 2023,Feb2023,2023-02,2023,2,WEST COAST CRESCENT,05,OCR,99 yrs lease,2011,11-15,11,15,495,1484,735000,propertyforsale.com.sg,15f61f1e-2cb7-40a4-b625-c728c954cbae.txt
seahill,SEAHILL,January 2023,Jan2023,2023-01,2023,1,WEST COAST CRESCENT,05,OCR,99 yrs lease,2011,01-05,01,05,505,1393,705000,propertyforsale.com.sg,15f61f1e-2cb7-40a4-b625-c728c954cbae.txt
seahill,SEAHILL,January 2023,Jan2023,2023-01,2023,1,WEST COAST CRESCENT,05,OCR,99 yrs lease,2011,-,,,3648,1302,4751880,propertyforsale.com.sg,15f61f1e-2cb7-40a4-b625-c728c954cbae.txt
seahill,SEAHILL,December 2022,Dec2022,2022-12,2022,12,WEST COAST CRESCENT,05,OCR,99 yrs lease,2011,11-15,11,15,861,1614,1390000,propertyforsale.com.sg,15f61f1e-2cb7-40a4-b625-c728c954cbae.txt
seahill,SEAHILL,November 2022,Nov2022,2022-11,2022,11,WEST COAST CRESCENT,05,OCR,99 yrs lease,2011,16-20,16,20,527,1471,776000,propertyforsale.com.sg,15f61f1e-2cb7-40a4-b625-c728c954cbae.txt
seahill,SEAHILL,October 2022,Oct2022,2022-10,2022,10,WEST COAST CRESCENT,05,OCR,99 yrs lease,2011,06-10,06,10,785,1552,1220000,propertyforsale.com.sg,15f61f1e-2cb7-40a4-b625-c728c954cbae.txt
seahill,SEAHILL,September 2022,Sep2022,2022-09,2022,9,WEST COAST CRESCENT,05,OCR,99 yrs lease,2011,11-15,11,15,667,1423,950000,propertyforsale.com.sg,15f61f1e-2cb7-40a4-b625-c728c954cbae.txt
seahill,SEAHILL,September 2022,Sep2022,2022-09,2022,9,WEST COAST CRESCENT,05,OCR,99 yrs lease,2011,16-20,16,20,527,1535,810000,propertyforsale.com.sg,15f61f1e-2cb7-40a4-b625-c728c954cbae.txt
seahill,SEAHILL,September 2022,Sep2022,2022-09,2022,9,WEST COAST CRESCENT,05,OCR,99 yrs lease,2011,06-10,06,10,495,1474,730000,propertyforsale.com.sg,15f61f1e-2cb7-40a4-b625-c728c954cbae.txt
seahill,SEAHILL,August 2022,Aug2022,2022-08,2022,8,WEST COAST CRESCENT,05,OCR,99 yrs lease,2011,11-15,11,15,1044,1613,1685000,propertyforsale.com.sg,15f61f1e-2cb7-40a4-b625-c728c954cbae.txt
seahill,SEAHILL,June 2022,Jun2022,2022-06,2022,6,WEST COAST CRESCENT,05,OCR,99 yrs lease,2011,11-15,11,15,505,1472,745000,propertyforsale.com.sg,15f61f1e-2cb7-40a4-b625-c728c954cbae.txt
seahill,SEAHILL,May 2022,May2022,2022-05,2022,5,WEST COAST CRESCENT,05,OCR,99 yrs lease,2011,11-15,11,15,667,1405,938000,propertyforsale.com.sg,15f61f1e-2cb7-40a4-b625-c728c954cbae.txt
seahill,SEAHILL,May 2022,May2022,2022-05,2022,5,WEST COAST CRESCENT,05,OCR,99 yrs lease,2011,01-05,01,05,495,1454,720000,propertyforsale.com.sg,15f61f1e-2cb7-40a4-b625-c728c954cbae.txt
seahill,SEAHILL,May 2022,May2022,2022-05,2022,5,WEST COAST CRESCENT,05,OCR,99 yrs lease,2011,16-20,16,20,861,1509,1300000,propertyforsale.com.sg,15f61f1e-2cb7-40a4-b625-c728c954cbae.txt
seahill,SEAHILL,April 2022,Apr2022,2022-04,2022,4,WEST COAST CRESCENT,05,OCR,99 yrs lease,2011,11-15,11,15,667,1357,905888,propertyforsale.com.sg,15f61f1e-2cb7-40a4-b625-c728c954cbae.txt
seahill,SEAHILL,April 2022,Apr2022,2022-04,2022,4,WEST COAST CRESCENT,05,OCR,99 yrs lease,2011,06-10,06,10,495,1433,710000,propertyforsale.com.sg,15f61f1e-2cb7-40a4-b625-c728c954cbae.txt
seahill,SEAHILL,April 2022,Apr2022,2022-04,2022,4,WEST COAST CRESCENT,05,OCR,99 yrs lease,2011,01-05,01,05,495,1413,700000,propertyforsale.com.sg,15f61f1e-2cb7-40a4-b625-c728c954cbae.txt
seahill,SEAHILL,April 2022,Apr2022,2022-04,2022,4,WEST COAST CRESCENT,05,OCR,99 yrs lease,2011,26-30,26,30,1302,1573,2050000,propertyforsale.com.sg,15f61f1e-2cb7-40a4-b625-c728c954cbae.txt
seahill,SEAHILL,April 2022,Apr2022,2022-04,2022,4,WEST COAST CRESCENT,05,OCR,99 yrs lease,2011,26-30,26,30,1054,1668,1760000,propertyforsale.com.sg,15f61f1e-2cb7-40a4-b625-c728c954cbae.txt
seahill,SEAHILL,April 2022,Apr2022,2022-04,2022,4,WEST COAST CRESCENT,05,OCR,99 yrs lease,2011,06-10,06,10,936,1473,1380000,propertyforsale.com.sg,15f61f1e-2cb7-40a4-b625-c728c954cbae.txt
seahill,SEAHILL,April 2022,Apr2022,2022-04,2022,4,WEST COAST CRESCENT,05,OCR,99 yrs lease,2011,21-25,21,25,861,1509,1300000,propertyforsale.com.sg,15f61f1e-2cb7-40a4-b625-c728c954cbae.txt
seahill,SEAHILL,March 2022,Mar2022,2022-03,2022,3,WEST COAST CRESCENT,05,OCR,99 yrs lease,2011,11-15,11,15,645,1447,935000,propertyforsale.com.sg,15f61f1e-2cb7-40a4-b625-c728c954cbae.txt
seahill,SEAHILL,March 2022,Mar2022,2022-03,2022,3,WEST COAST CRESCENT,05,OCR,99 yrs lease,2011,06-10,06,10,495,1454,720000,propertyforsale.com.sg,15f61f1e-2cb7-40a4-b625-c728c954cbae.txt
seahill,SEAHILL,March 2022,Mar2022,2022-03,2022,3,WEST COAST CRESCENT,05,OCR,99 yrs lease,2011,11-15,11,15,495,1353,670000,propertyforsale.com.sg,15f61f1e-2cb7-40a4-b625-c728c954cbae.txt
seahill,SEAHILL,March 2022,Mar2022,2022-03,2022,3,WEST COAST CRESCENT,05,OCR,99 yrs lease,2011,-,,,3627,1050,3810600,propertyforsale.com.sg,15f61f1e-2cb7-40a4-b625-c728c954cbae.txt
seahill,SEAHILL,March 2022,Mar2022,2022-03,2022,3,WEST COAST CRESCENT,05,OCR,99 yrs lease,2011,06-10,06,10,1087,1269,1380000,propertyforsale.com.sg,15f61f1e-2cb7-40a4-b625-c728c954cbae.txt
seahill,SEAHILL,January 2022,Jan2022,2022-01,2022,1,WEST COAST CRESCENT,05,OCR,99 yrs lease,2011,11-15,11,15,505,1383,700000,propertyforsale.com.sg,15f61f1e-2cb7-40a4-b625-c728c954cbae.txt
seahill,SEAHILL,November 2021,Nov2021,2021-11,2021,11,WEST COAST CRESCENT,05,OCR,99 yrs lease,2011,16-20,16,20,688,1349,930000,propertyforsale.com.sg,15f61f1e-2cb7-40a4-b625-c728c954cbae.txt
seahill,SEAHILL,November 2021,Nov2021,2021-11,2021,11,WEST COAST CRESCENT,05,OCR,99 yrs lease,2011,21-25,21,25,1054,1600,1688000,propertyforsale.com.sg,15f61f1e-2cb7-40a4-b625-c728c954cbae.txt
seahill,SEAHILL,October 2021,Oct2021,2021-10,2021,10,WEST COAST CRESCENT,05,OCR,99 yrs lease,2011,16-20,16,20,516,1513,782000,propertyforsale.com.sg,15f61f1e-2cb7-40a4-b625-c728c954cbae.txt
seahill,SEAHILL,October 2021,Oct2021,2021-10,2021,10,WEST COAST CRESCENT,05,OCR,99 yrs lease,2011,-,,,3831,1234,4728936,propertyforsale.com.sg,15f61f1e-2cb7-40a4-b625-c728c954cbae.txt
seahill,SEAHILL,October 2021,Oct2021,2021-10,2021,10,WEST COAST CRESCENT,05,OCR,99 yrs lease,2011,06-10,06,10,936,1484,1390000,propertyforsale.com.sg,15f61f1e-2cb7-40a4-b625-c728c954cbae.txt
seahill,SEAHILL,October 2021,Oct2021,2021-10,2021,10,WEST COAST CRESCENT,05,OCR,99 yrs lease,2011,16-20,16,20,861,1379,1188000,propertyforsale.com.sg,15f61f1e-2cb7-40a4-b625-c728c954cbae.txt
seahill,SEAHILL,October 2021,Oct2021,2021-10,2021,10,WEST COAST CRESCENT,05,OCR,99 yrs lease,2011,26-30,26,30,710,1576,1120000,propertyforsale.com.sg,15f61f1e-2cb7-40a4-b625-c728c954cbae.txt
seahill,SEAHILL,August 2021,Aug2021,2021-08,2021,8,WEST COAST CRESCENT,05,OCR,99 yrs lease,2011,11-15,11,15,505,1383,700000,propertyforsale.com.sg,15f61f1e-2cb7-40a4-b625-c728c954cbae.txt
seahill,SEAHILL,August 2021,Aug2021,2021-08,2021,8,WEST COAST CRESCENT,05,OCR,99 yrs lease,2011,11-15,11,15,505,1284,650000,propertyforsale.com.sg,15f61f1e-2cb7-40a4-b625-c728c954cbae.txt
seahill,SEAHILL,August 2021,Aug2021,2021-08,2021,8,WEST COAST CRESCENT,05,OCR,99 yrs lease,2011,-,,,3573,1057,3780000,propertyforsale.com.sg,15f61f1e-2cb7-40a4-b625-c728c954cbae.txt
seahill,SEAHILL,July 2021,Jul2021,2021-07,2021,7,WEST COAST CRESCENT,05,OCR,99 yrs lease,2011,16-20,16,20,516,1461,755000,propertyforsale.com.sg,15f61f1e-2cb7-40a4-b625-c728c954cbae.txt
seahill,SEAHILL,July 2021,Jul2021,2021-07,2021,7,WEST COAST CRESCENT,05,OCR,99 yrs lease,2011,11-15,11,15,861,1474,1270000,propertyforsale.com.sg,15f61f1e-2cb7-40a4-b625-c728c954cbae.txt
seahill,SEAHILL,July 2021,Jul2021,2021-07,2021,7,WEST COAST CRESCENT,05,OCR,99 yrs lease,2011,16-20,16,20,861,1277,1100000,propertyforsale.com.sg,15f61f1e-2cb7-40a4-b625-c728c954cbae.txt
seahill,SEAHILL,June 2021,Jun2021,2021-06,2021,6,WEST COAST CRESCENT,05,OCR,99 yrs lease,2011,11-15,11,15,645,1424,920000,propertyforsale.com.sg,15f61f1e-2cb7-40a4-b625-c728c954cbae.txt
seahill,SEAHILL,June 2021,Jun2021,2021-06,2021,6,WEST COAST CRESCENT,05,OCR,99 yrs lease,2011,26-30,26,30,1302,1650,2150000,propertyforsale.com.sg,15f61f1e-2cb7-40a4-b625-c728c954cbae.txt
seahill,SEAHILL,May 2021,May2021,2021-05,2021,5,WEST COAST CRESCENT,05,OCR,99 yrs lease,2011,06-10,06,10,505,1448,733000,propertyforsale.com.sg,15f61f1e-2cb7-40a4-b625-c728c954cbae.txt
seahill,SEAHILL,May 2021,May2021,2021-05,2021,5,WEST COAST CRESCENT,05,OCR,99 yrs lease,2011,06-10,06,10,1087,1250,1360000,propertyforsale.com.sg,15f61f1e-2cb7-40a4-b625-c728c954cbae.txt
seahill,SEAHILL,April 2021,Apr2021,2021-04,2021,4,WEST COAST CRESCENT,05,OCR,99 yrs lease,2011,16-20,16,20,710,1379,980000,propertyforsale.com.sg,15f61f1e-2cb7-40a4-b625-c728c954cbae.txt
seahill,SEAHILL,March 2021,Mar2021,2021-03,2021,3,WEST COAST CRESCENT,05,OCR,99 yrs lease,2011,16-20,16,20,710,1309,930000,propertyforsale.com.sg,15f61f1e-2cb7-40a4-b625-c728c954cbae.txt
seahill,SEAHILL,March 2021,Mar2021,2021-03,2021,3,WEST COAST CRESCENT,05,OCR,99 yrs lease,2011,16-20,16,20,861,1509,1300000,propertyforsale.com.sg,15f61f1e-2cb7-40a4-b625-c728c954cbae.txt
seahill,SEAHILL,February 2021,Feb2021,2021-02,2021,2,WEST COAST CRESCENT,05,OCR,99 yrs lease,2011,16-20,16,20,710,1266,900000,propertyforsale.com.sg,15f61f1e-2cb7-40a4-b625-c728c954cbae.txt
seahill,SEAHILL,January 2021,Jan2021,2021-01,2021,1,WEST COAST CRESCENT,05,OCR,99 yrs lease,2011,11-15,11,15,667,1311,875000,propertyforsale.com.sg,15f61f1e-2cb7-40a4-b625-c728c954cbae.txt
seahill,SEAHILL,January 2021,Jan2021,2021-01,2021,1,WEST COAST CRESCENT,05,OCR,99 yrs lease,2011,21-25,21,25,1130,1327,1500000,propertyforsale.com.sg,15f61f1e-2cb7-40a4-b625-c728c954cbae.txt
seahill,SEAHILL,January 2021,Jan2021,2021-01,2021,1,WEST COAST CRESCENT,05,OCR,99 yrs lease,2011,06-10,06,10,1130,1256,1420000,propertyforsale.com.sg,15f61f1e-2cb7-40a4-b625-c728c954cbae.txt
seahill,SEAHILL,January 2021,Jan2021,2021-01,2021,1,WEST COAST CRESCENT,05,OCR,99 yrs lease,2011,16-20,16,20,861,1451,1250000,propertyforsale.com.sg,15f61f1e-2cb7-40a4-b625-c728c954cbae.txt
seahill,SEAHILL,December 2020,Dec2020,2020-12,2020,12,WEST COAST CRESCENT,05,OCR,99 yrs lease,2011,06-10,06,10,495,1417,702000,propertyforsale.com.sg,15f61f1e-2cb7-40a4-b625-c728c954cbae.txt
seahill,SEAHILL,November 2020,Nov2020,2020-11,2020,11,WEST COAST CRESCENT,05,OCR,99 yrs lease,2011,11-15,11,15,495,1429,708000,propertyforsale.com.sg,15f61f1e-2cb7-40a4-b625-c728c954cbae.txt
seahill,SEAHILL,November 2020,Nov2020,2020-11,2020,11,WEST COAST CRESCENT,05,OCR,99 yrs lease,2011,01-05,01,05,495,1421,703888,propertyforsale.com.sg,15f61f1e-2cb7-40a4-b625-c728c954cbae.txt
seahill,SEAHILL,November 2020,Nov2020,2020-11,2020,11,WEST COAST CRESCENT,05,OCR,99 yrs lease,2011,16-20,16,20,861,1312,1130000,propertyforsale.com.sg,15f61f1e-2cb7-40a4-b625-c728c954cbae.txt
seahill,SEAHILL,November 2020,Nov2020,2020-11,2020,11,WEST COAST CRESCENT,05,OCR,99 yrs lease,2011,11-15,11,15,861,1300,1120000,propertyforsale.com.sg,15f61f1e-2cb7-40a4-b625-c728c954cbae.txt
seahill,SEAHILL,September 2020,Sep2020,2020-09,2020,9,WEST COAST CRESCENT,05,OCR,99 yrs lease,2011,-,,,3648,1000,3651480,propertyforsale.com.sg,15f61f1e-2cb7-40a4-b625-c728c954cbae.txt
seahill,SEAHILL,September 2020,Sep2020,2020-09,2020,9,WEST COAST CRESCENT,05,OCR,99 yrs lease,2011,11-15,11,15,861,1393,1200000,propertyforsale.com.sg,15f61f1e-2cb7-40a4-b625-c728c954cbae.txt
seahill,SEAHILL,September 2020,Sep2020,2020-09,2020,9,WEST COAST CRESCENT,05,OCR,99 yrs lease,2011,06-10,06,10,861,1381,1190000,propertyforsale.com.sg,15f61f1e-2cb7-40a4-b625-c728c954cbae.txt
seahill,SEAHILL,August 2020,Aug2020,2020-08,2020,8,WEST COAST CRESCENT,05,OCR,99 yrs lease,2011,06-10,06,10,678,1187,805000,propertyforsale.com.sg,15f61f1e-2cb7-40a4-b625-c728c954cbae.txt
seahill,SEAHILL,August 2020,Aug2020,2020-08,2020,8,WEST COAST CRESCENT,05,OCR,99 yrs lease,2011,16-20,16,20,1130,1305,1475000,propertyforsale.com.sg,15f61f1e-2cb7-40a4-b625-c728c954cbae.txt
seahill,SEAHILL,August 2020,Aug2020,2020-08,2020,8,WEST COAST CRESCENT,05,OCR,99 yrs lease,2011,11-15,11,15,861,1356,1168000,propertyforsale.com.sg,15f61f1e-2cb7-40a4-b625-c728c954cbae.txt
seahill,SEAHILL,July 2020,Jul2020,2020-07,2020,7,WEST COAST CRESCENT,05,OCR,99 yrs lease,2011,16-20,16,20,667,1300,868000,propertyforsale.com.sg,15f61f1e-2cb7-40a4-b625-c728c954cbae.txt
seahill,SEAHILL,July 2020,Jul2020,2020-07,2020,7,WEST COAST CRESCENT,05,OCR,99 yrs lease,2011,06-10,06,10,505,1363,690000,propertyforsale.com.sg,15f61f1e-2cb7-40a4-b625-c728c954cbae.txt
seahill,SEAHILL,July 2020,Jul2020,2020-07,2020,7,WEST COAST CRESCENT,05,OCR,99 yrs lease,2011,01-05,01,05,505,1294,655000,propertyforsale.com.sg,15f61f1e-2cb7-40a4-b625-c728c954cbae.txt
seahill,SEAHILL,July 2020,Jul2020,2020-07,2020,7,WEST COAST CRESCENT,05,OCR,99 yrs lease,2011,16-20,16,20,1130,1282,1450000,propertyforsale.com.sg,15f61f1e-2cb7-40a4-b625-c728c954cbae.txt
seahill,SEAHILL,July 2020,Jul2020,2020-07,2020,7,WEST COAST CRESCENT,05,OCR,99 yrs lease,2011,16-20,16,20,861,1381,1190000,propertyforsale.com.sg,15f61f1e-2cb7-40a4-b625-c728c954cbae.txt
seahill,SEAHILL,June 2020,Jun2020,2020-06,2020,6,WEST COAST CRESCENT,05,OCR,99 yrs lease,2011,06-10,06,10,785,1349,1060000,propertyforsale.com.sg,15f61f1e-2cb7-40a4-b625-c728c954cbae.txt
seahill,SEAHILL,February 2020,Feb2020,2020-02,2020,2,WEST COAST CRESCENT,05,OCR,99 yrs lease,2011,01-05,01,05,505,1274,645000,propertyforsale.com.sg,15f61f1e-2cb7-40a4-b625-c728c954cbae.txt
seahill,SEAHILL,January 2020,Jan2020,2020-01,2020,1,WEST COAST CRESCENT,05,OCR,99 yrs lease,2011,11-15,11,15,861,1463,1260000,propertyforsale.com.sg,15f61f1e-2cb7-40a4-b625-c728c954cbae.txt
seahill,SEAHILL,October 2019,Oct2019,2019-10,2019,10,WEST COAST CRESCENT,05,OCR,99 yrs lease,2011,11-15,11,15,635,1346,855000,propertyforsale.com.sg,15f61f1e-2cb7-40a4-b625-c728c954cbae.txt
seahill,SEAHILL,October 2019,Oct2019,2019-10,2019,10,WEST COAST CRESCENT,05,OCR,99 yrs lease,2011,11-15,11,15,1044,1369,1430000,propertyforsale.com.sg,15f61f1e-2cb7-40a4-b625-c728c954cbae.txt
seahill,SEAHILL,August 2019,Aug2019,2019-08,2019,8,WEST COAST CRESCENT,05,OCR,99 yrs lease,2011,16-20,16,20,688,1270,875000,propertyforsale.com.sg,15f61f1e-2cb7-40a4-b625-c728c954cbae.txt
seahill,SEAHILL,August 2019,Aug2019,2019-08,2019,8,WEST COAST CRESCENT,05,OCR,99 yrs lease,2011,11-15,11,15,495,1464,725000,propertyforsale.com.sg,15f61f1e-2cb7-40a4-b625-c728c954cbae.txt
seahill,SEAHILL,August 2019,Aug2019,2019-08,2019,8,WEST COAST CRESCENT,05,OCR,99 yrs lease,2011,01-05,01,05,505,1393,705000,propertyforsale.com.sg,15f61f1e-2cb7-40a4-b625-c728c954cbae.txt
seahill,SEAHILL,July 2019,Jul2019,2019-07,2019,7,WEST COAST CRESCENT,05,OCR,99 yrs lease,2011,16-20,16,20,1130,1317,1488888,propertyforsale.com.sg,15f61f1e-2cb7-40a4-b625-c728c954cbae.txt
seahill,SEAHILL,July 2019,Jul2019,2019-07,2019,7,WEST COAST CRESCENT,05,OCR,99 yrs lease,2011,06-10,06,10,861,1480,1275000,propertyforsale.com.sg,15f61f1e-2cb7-40a4-b625-c728c954cbae.txt
seahill,SEAHILL,June 2019,Jun2019,2019-06,2019,6,WEST COAST CRESCENT,05,OCR,99 yrs lease,2011,16-20,16,20,688,1306,900000,propertyforsale.com.sg,15f61f1e-2cb7-40a4-b625-c728c954cbae.txt
seahill,SEAHILL,June 2019,Jun2019,2019-06,2019,6,WEST COAST CRESCENT,05,OCR,99 yrs lease,2011,16-20,16,20,861,1509,1300000,propertyforsale.com.sg,15f61f1e-2cb7-40a4-b625-c728c954cbae.txt
seahill,SEAHILL,May 2019,May2019,2019-05,2019,5,WEST COAST CRESCENT,05,OCR,99 yrs lease,2011,26-30,26,30,1054,1403,1480000,propertyforsale.com.sg,15f61f1e-2cb7-40a4-b625-c728c954cbae.txt
seahill,SEAHILL,April 2019,Apr2019,2019-04,2019,4,WEST COAST CRESCENT,05,OCR,99 yrs lease,2011,06-10,06,10,624,1441,900000,propertyforsale.com.sg,15f61f1e-2cb7-40a4-b625-c728c954cbae.txt
seahill,SEAHILL,January 2019,Jan2019,2019-01,2019,1,WEST COAST CRESCENT,05,OCR,99 yrs lease,2011,06-10,06,10,624,1377,860000,propertyforsale.com.sg,15f61f1e-2cb7-40a4-b625-c728c954cbae.txt
seahill,SEAHILL,January 2019,Jan2019,2019-01,2019,1,WEST COAST CRESCENT,05,OCR,99 yrs lease,2011,06-10,06,10,505,1419,718000,propertyforsale.com.sg,15f61f1e-2cb7-40a4-b625-c728c954cbae.txt
seahill,SEAHILL,January 2019,Jan2019,2019-01,2019,1,WEST COAST CRESCENT,05,OCR,99 yrs lease,2011,01-05,01,05,495,1423,705000,propertyforsale.com.sg,15f61f1e-2cb7-40a4-b625-c728c954cbae.txt
seahill,SEAHILL,October 2018,Oct2018,2018-10,2018,10,WEST COAST CRESCENT,05,OCR,99 yrs lease,2011,-,,,3648,1034,3776000,propertyforsale.com.sg,15f61f1e-2cb7-40a4-b625-c728c954cbae.txt
seahill,SEAHILL,August 2018,Aug2018,2018-08,2018,8,WEST COAST CRESCENT,05,OCR,99 yrs lease,2011,06-10,06,10,495,1494,740000,propertyforsale.com.sg,15f61f1e-2cb7-40a4-b625-c728c954cbae.txt
seahill,SEAHILL,August 2018,Aug2018,2018-08,2018,8,WEST COAST CRESCENT,05,OCR,99 yrs lease,2011,06-10,06,10,495,1441,713800,propertyforsale.com.sg,15f61f1e-2cb7-40a4-b625-c728c954cbae.txt
seahill,SEAHILL,August 2018,Aug2018,2018-08,2018,8,WEST COAST CRESCENT,05,OCR,99 yrs lease,2011,11-15,11,15,1044,1398,1460000,propertyforsale.com.sg,15f61f1e-2cb7-40a4-b625-c728c954cbae.txt
seahill,SEAHILL,June 2018,Jun2018,2018-06,2018,6,WEST COAST CRESCENT,05,OCR,99 yrs lease,2011,06-10,06,10,785,1346,1058000,propertyforsale.com.sg,15f61f1e-2cb7-40a4-b625-c728c954cbae.txt
seahill,SEAHILL,May 2018,May2018,2018-05,2018,5,WEST COAST CRESCENT,05,OCR,99 yrs lease,2011,11-15,11,15,495,1530,758000,propertyforsale.com.sg,15f61f1e-2cb7-40a4-b625-c728c954cbae.txt
seahill,SEAHILL,April 2018,Apr2018,2018-04,2018,4,WEST COAST CRESCENT,05,OCR,99 yrs lease,2011,06-10,06,10,678,1179,800000,propertyforsale.com.sg,15f61f1e-2cb7-40a4-b625-c728c954cbae.txt
seahill,SEAHILL,April 2018,Apr2018,2018-04,2018,4,WEST COAST CRESCENT,05,OCR,99 yrs lease,2011,01-05,01,05,495,1494,740000,propertyforsale.com.sg,15f61f1e-2cb7-40a4-b625-c728c954cbae.txt
seahill,SEAHILL,January 2018,Jan2018,2018-01,2018,1,WEST COAST CRESCENT,05,OCR,99 yrs lease,2011,21-25,21,25,1130,1336,1510000,propertyforsale.com.sg,15f61f1e-2cb7-40a4-b625-c728c954cbae.txt
seahill,SEAHILL,January 2018,Jan2018,2018-01,2018,1,WEST COAST CRESCENT,05,OCR,99 yrs lease,2011,06-10,06,10,1130,1305,1475000,propertyforsale.com.sg,15f61f1e-2cb7-40a4-b625-c728c954cbae.txt
seahill,SEAHILL,December 2017,Dec2017,2017-12,2017,12,WEST COAST CRESCENT,05,OCR,99 yrs lease,2011,11-15,11,15,667,1318,880000,propertyforsale.com.sg,15f61f1e-2cb7-40a4-b625-c728c954cbae.txt
seahill,SEAHILL,December 2017,Dec2017,2017-12,2017,12,WEST COAST CRESCENT,05,OCR,99 yrs lease,2011,06-10,06,10,548,1420,780000,propertyforsale.com.sg,15f61f1e-2cb7-40a4-b625-c728c954cbae.txt
seahill,SEAHILL,December 2017,Dec2017,2017-12,2017,12,WEST COAST CRESCENT,05,OCR,99 yrs lease,2011,16-20,16,20,861,1567,1350000,propertyforsale.com.sg,15f61f1e-2cb7-40a4-b625-c728c954cbae.txt
seahill,SEAHILL,November 2017,Nov2017,2017-11,2017,11,WEST COAST CRESCENT,05,OCR,99 yrs lease,2011,11-15,11,15,861,1307,1125905,propertyforsale.com.sg,15f61f1e-2cb7-40a4-b625-c728c954cbae.txt
seahill,SEAHILL,November 2017,Nov2017,2017-11,2017,11,WEST COAST CRESCENT,05,OCR,99 yrs lease,2011,06-10,06,10,764,1360,1040000,propertyforsale.com.sg,15f61f1e-2cb7-40a4-b625-c728c954cbae.txt
seahill,SEAHILL,October 2017,Oct2017,2017-10,2017,10,WEST COAST CRESCENT,05,OCR,99 yrs lease,2011,06-10,06,10,785,1349,1060000,propertyforsale.com.sg,15f61f1e-2cb7-40a4-b625-c728c954cbae.txt
seahill,SEAHILL,September 2017,Sep2017,2017-09,2017,9,WEST COAST CRESCENT,05,OCR,99 yrs lease,2011,16-20,16,20,527,1478,780000,propertyforsale.com.sg,15f61f1e-2cb7-40a4-b625-c728c954cbae.txt
